name,Gender,party,riding,province,locale,wikipedia-url,born,profession,profession_group
Ken McDonald,M,Liberal,Avalon,Newfoundland and Labrador,,/wiki/Ken_McDonald_(politician),1/1/1959,Repairman,Tradesman
Judy M Foote,F,Liberal,Bonavista-Burin-Trinity,Newfoundland and Labrador,,/wiki/Judy_Foote,6/23/1952,Journalist,Journalist/Broadcaster/Commentator
Scott Simms,M,Liberal,Coast of Bays-Central-Notre Dame,Newfoundland and Labrador,,/wiki/Scott_Simms,8/12/1969,Journalist,Journalist/Broadcaster/Commentator
Yvonne Jones,F,Liberal,Labrador,Newfoundland and Labrador,,/wiki/Yvonne_Jones,3/15/1968,Journalist,Journalist/Broadcaster/Commentator
Gudie Hutchings,F,Liberal,Long Range Mountains,Newfoundland and Labrador,,/wiki/Gudie_Hutchings,9/1/1959,Businesswoman,Small Business Owner/Entrepreneur
Nick Whalen,M,Liberal,St. John's East,Newfoundland and Labrador,,/wiki/Nick_Whalen,6/6/1973,Lawyer,Lawyer
Seamus ORegan,M,Liberal,St. John's South-Mount Pearl,Newfoundland and Labrador,,/wiki/Seamus_O%27Regan,1/18/1971,Journalist,Journalist/Broadcaster/Commentator
Lawrence MacAulay,M,Liberal,Cardigan,Prince Edward Island,,/wiki/Lawrence_MacAulay,9/9/1946,Farmer,Farmer/Rancher
Sean Casey,M,Liberal,Charlottetown,Prince Edward Island,,/wiki/Sean_Casey_(Canadian_politician),5/16/1963,Attorney,Lawyer
Bobby Morrissey,M,Liberal,Egmont,Prince Edward Island,,/wiki/Bobby_Morrissey,11/18/1954,Fisherman,Fisherman
Wayne Easter,M,Liberal,Malpeque,Prince Edward Island,,/wiki/Wayne_Easter,6/22/1949,Farmer,Farmer/Rancher
Rodger Cuzner,M,Liberal,Cape Breton-Canso,Nova Scotia,,/wiki/Rodger_Cuzner,11/4/1955,Civil Servant,Civil Servant
Sean Fraser,M,Liberal,Central Nova,Nova Scotia,,/wiki/Sean_Fraser_(politician),6/1/1984,Lawyer,Lawyer
Bill Casey,M,Liberal,Cumberland-Colchester,Nova Scotia,,/wiki/Bill_Casey,2/19/1945,Businessman,Small Business Owner/Entrepreneur
Darren Fisher,M,Liberal,Dartmouth-Cole Harbour,Nova Scotia,,/wiki/Darren_Fisher,9/10/1965,Small business owner,Small Business Owner/Entrepreneur
Andy Fillmore,M,Liberal,Halifax,Nova Scotia,,/wiki/Andy_Fillmore,4/25/1966,City Planner,Civil Servant
Geoff Regan,M,Liberal,Halifax West,Nova Scotia,,/wiki/Geoff_Regan,11/22/1959,Lawyer,Lawyer
Scott Brison,M,Liberal,Kings-Hants,Nova Scotia,,/wiki/Scott_Brison,5/10/1967,Salesman,Salesman
Darrell Samson,M,Liberal,Sackville-Preston-Chezzetcook,Nova Scotia,,/wiki/Darrell_Samson,10/13/1959,Educator,Education Administrator
Bernadette Jordan,F,Liberal,South Shore-St. Margarets,Nova Scotia,,/wiki/Bernadette_Jordan,4/7/1963,Development officer,Civil Servant
Mark Eyking,M,Liberal,Sydney-Victoria,Nova Scotia,,/wiki/Mark_Eyking,8/30/1960,"Businessman, Farmer",Farmer/Rancher
Colin Fraser,M,Liberal,West Nova,Nova Scotia,,/wiki/Colin_Fraser_(Canadian_politician),7/27/1978,Lawyer,Lawyer
Serge Cormier,M,Liberal,Acadie-Bathurst,New Brunswick,,/wiki/Serge_Cormier,1/1/1975,Political assistant,Political Advisor/Staffer
Dominic LeBlanc,M,Liberal,Beauséjour,New Brunswick,,/wiki/Dominic_LeBlanc,12/14/1967,Lawyer,Lawyer
Matt DeCourcey,M,Liberal,Fredericton,New Brunswick,,/wiki/Matt_DeCourcey,4/4/1983,Public Servant,Civil Servant
Alaina Lockhart,F,Liberal,Fundy Royal,New Brunswick,,/wiki/Alaina_Lockhart,5/26/1974,Businesswoman,Small Business Owner/Entrepreneur
René Arseneault,M,Liberal,Madawaska-Restigouche,New Brunswick,,/wiki/Ren%C3%A9_Arseneault,Unknown,Lawyer,Lawyer
Pat Finnigan,M,Liberal,Miramichi-Grand Lake,New Brunswick,,/wiki/Pat_Finnigan,1/1/1955,Businessman,Small Business Owner/Entrepreneur
Ginette Petitpas Taylor,F,Liberal,Moncton-Riverview-Dieppe,New Brunswick,,/wiki/Ginette_Petitpas_Taylor,Unknown,Social worker,Social Worker
Karen Ludwig,F,Liberal,New Brunswick Southwest,New Brunswick,,/wiki/Karen_Ludwig,5/13/1964,University lecturer,College/University Instructor
Wayne Long,M,Liberal,Saint John-Rothesay,New Brunswick,,/wiki/Wayne_Long,4/13/1963,Businessman,Small Business Owner/Entrepreneur
T J Harvey,M,Liberal,Tobique-Mactaquac,New Brunswick,,/wiki/T._J._Harvey,Unknown,Businessman,Small Business Owner/Entrepreneur
Rémi Massé,M,Liberal,Avignon-La Mitis-Matane-Matapédia,Quebec,Eastern Quebec,/wiki/R%C3%A9mi_Mass%C3%A9,Unknown,Civil Servant,Civil Servant
Steven Blaney,M,Conservative,Bellechasse-Les Etchemins-Lévis,Quebec,Eastern Quebec,/wiki/Steven_Blaney,4/8/1965,Environmental Engineer,Engineer
Diane Lebouthillier,F,Liberal,Gaspésie-Les Iles-de-la-Madeleine,Quebec,Eastern Quebec,/wiki/Diane_Lebouthillier,2/5/1959,Social worker,Social Worker
Bernard Généreux,M,Conservative,Montmagny-L'Islet-Kamouraska-Rivière-du-Loup(judicial recount),Quebec,Eastern Quebec,/wiki/Bernard_G%C3%A9n%C3%A9reux,4/23/1962,Entrepreneur,Small Business Owner/Entrepreneur
Guy Caron,M,NDP,Rimouski-Neigette-Témiscouata-Les Basques,Quebec,Eastern Quebec,/wiki/Guy_Caron,5/13/1968,Economist,Economist
Sylvie Boucher,F,Conservative,Beauport-Côte-de-Beaupré-Ile d'Orléans-Charlevoix,Quebec,Côte-Nord and Saguenay,/wiki/Sylvie_Boucher,12/18/1962,Civil Servant,Civil Servant
Denis Lemieux,M,Liberal,Chicoutimi-Le Fjord,Quebec,Côte-Nord and Saguenay,/wiki/Denis_Lemieux,1/1/1963,Industrial Engineer,Engineer
Karine Trudel,F,NDP,Jonquière,Quebec,Côte-Nord and Saguenay,/wiki/Karine_Trudel,Unknown,Letter Carrier,Letter Carrier
Denis Lebel,M,Conservative,Lac-Saint-Jean,Quebec,Côte-Nord and Saguenay,/wiki/Denis_Lebel,5/26/1954,Hotel Manager,Hotel/Restaurant Management
Marilène Gill,F,BQ,Manicouagan,Quebec,Côte-Nord and Saguenay,/wiki/Maril%C3%A8ne_Gill,1/1/1977,College Instructor,College/University Instructor
Alupa Clarke,M,Conservative,Beauport-Limoilou,Quebec,Quebec City,/wiki/Alupa_Clarke,1/1/1986,Political Staffer,Political Advisor/Staffer
Pierre Paul-Hus,M,Conservative,Charlesbourg-Haute-Saint-Charles,Quebec,Quebec City,/wiki/Pierre_Paul-Hus,11/5/1969,Military Officer,Military Officer
Joël Lightbound,M,Liberal,Louis-Hébert,Quebec,Quebec City,/wiki/Jo%C3%ABl_Lightbound,2/8/1988,Lawyer,Lawyer
Gérard Deltell,M,Conservative,Louis-Saint-Laurent,Quebec,Quebec City,/wiki/G%C3%A9rard_Deltell,8/8/1964,Journalist,Journalist/Broadcaster/Commentator
Jean-Yves Duclos,M,Liberal,Québec,Quebec,Quebec City,/wiki/Jean-Yves_Duclos,1/1/1965,Economist,Economist
Louis Plamondon,M,BQ,Bécancour-Nicolet-Saurel,Quebec,Central Quebec,/wiki/Louis_Plamondon,7/31/1943,Teacher,Teacher
Ruth Ellen Brosseau,F,NDP,Berthier-Maskinongé,Quebec,Central Quebec,/wiki/Ruth_Ellen_Brosseau,4/26/1984,Pub Manager,Hotel/Restaurant Management
Gabriel Ste-Marie,M,BQ,Joliette,Quebec,Central Quebec,/wiki/Gabriel_Ste-Marie,Unknown,Economist,Economist
Jacques Gourde,M,Conservative,Lévis-Lotbinière,Quebec,Central Quebec,/wiki/Jacques_Gourde,1/13/1964,Farmer,Farmer/Rancher
Luc Thériault,M,BQ,Montcalm,Quebec,Central Quebec,/wiki/Luc_Th%C3%A9riault,1/31/1960,Professor,Professor
Joël Godin,M,Conservative,Portneuf-Jacques-Cartier,Quebec,Central Quebec,/wiki/Jo%C3%ABl_Godin,3/14/1965,Salesman,Salesman
Monique Pauzé,F,BQ,Repentigny,Quebec,Central Quebec,/wiki/Monique_Pauz%C3%A9,Unknown,Union Organizer,Union Officer/Facilitator/Administrator
François-Philippe Champagne,M,Liberal,Saint-Maurice-Champlain,Quebec,Central Quebec,/wiki/Fran%C3%A7ois-Philippe_Champagne,6/25/1970,Lawyer,Lawyer
Robert Aubin,M,NDP,Trois-Rivières,Quebec,Central Quebec,/wiki/Robert_Aubin,5/26/1960,Teacher,Teacher
Maxime Bernier,M,Conservative,Beauce,Quebec,Eastern Townships,/wiki/Maxime_Bernier,1/18/1963,Lawyer,Lawyer
Denis Paradis,M,Liberal,Brome-Missisquoi,Quebec,Eastern Townships,/wiki/Denis_Paradis,4/1/1949,Lawyer,Lawyer
Marie-Claude Bibeau,F,Liberal,Compton-Stanstead,Quebec,Eastern Townships,/wiki/Marie-Claude_Bibeau,4/4/1970,Entrepreneur,Small Business Owner/Entrepreneur
François Choquette,M,NDP,Drummond,Quebec,Eastern Townships,/wiki/Fran%C3%A7ois_Choquette,1/3/1974,Teacher,Teacher
Luc Berthold,M,Conservative,Mégantic-L'Érable,Quebec,Eastern Townships,/wiki/Luc_Berthold,Unknown,Political Aide,Political Advisor/Staffer
Alain Rayes,M,Conservative,Richmond-Arthabaska,Quebec,Eastern Townships,/wiki/Alain_Rayes,12/11/1971,Education Administrator,Education Administrator
Brigitte Sansoucy,F,NDP,Saint-Hyacinthe-Bagot,Quebec,Eastern Townships,/wiki/Brigitte_Sansoucy,Unknown,Regional Development Coordinator,Civil Servant
Pierre Breton,M,Liberal,Shefford,Quebec,Eastern Townships,/wiki/Pierre_Breton,10/3/1966,Human Resources,Business Administration
Pierre-Luc Dusseault,M,NDP,Sherbrooke,Quebec,Eastern Townships,/wiki/Pierre-Luc_Dusseault,5/31/1991,Student,Student
Matthew Dubé,M,NDP,Beloeil-Chambly,Quebec,Montérégie,/wiki/Matthew_Dub%C3%A9,5/3/1988,Student,Student
Alexandra Mendès,F,Liberal,Brossard-Saint-Lambert,Quebec,Montérégie,/wiki/Alexandra_Mend%C3%A8s,11/3/1963,Communications Officer,PR/Communications Officer or Consultant
Brenda Shanahan,F,Liberal,Châteauguay-Lacolle,Quebec,Montérégie,/wiki/Brenda_Shanahan_(politician),1/1/1957,Banker,Banker/Financial Analyst
Jean-Claude Poissant,M,Liberal,La Prairie,Quebec,Montérégie,/wiki/Jean-Claude_Poissant,1/1/1960,Municipal Politician,Municipal Politician/Mayor
Sherry Romanado,F,Liberal,Longueuil-Charles-LeMoyne,Quebec,Montérégie,/wiki/Sherry_Romanado,4/12/1974,Education Administrator,Education Administrator
Pierre Nantel,M,NDP,Longueuil-Saint-Hubert,Quebec,Montérégie,/wiki/Pierre_Nantel,6/10/1963,Commentator,Journalist/Broadcaster/Commentator
Michel Picard,M,Liberal,Montarville,Quebec,Montérégie,/wiki/Michel_Picard_(politician),2/15/1960,Criminologist,Academic/Professor/Researcher
Xavier Barsalou-Duval,M,BQ,Pierre-Boucher-Les Patriotes-Verchères,Quebec,Montérégie,/wiki/Xavier_Barsalou-Duval,11/10/1988,Accountant,Accountant
Jean Rioux,M,Liberal,Saint-Jean,Quebec,Montérégie,/wiki/Jean_Rioux,6/9/1953,Provincial Politician,Provincial/Territorial Politician
Anne Minh-Thu Quach,F,NDP,Salaberry-Suroît,Quebec,Montérégie,/wiki/Anne_Minh-Thu_Quach,8/14/1982,Teacher,Teacher
Peter Schiefke,M,Liberal,Vaudreuil-Soulanges,Quebec,Montérégie,/wiki/Peter_Schiefke,4/13/1979,Environmentalist,Nonprofit Executive
Marjolaine Boutin-Sweet,F,NDP,Hochelaga(judicial recount),Quebec,Eastern Montreal,/wiki/Marjolaine_Boutin-Sweet,10/3/1955,Union Officer,Union Officer/Facilitator/Administrator
Pablo Rodriguez,M,Liberal,Honoré-Mercier,Quebec,Eastern Montreal,/wiki/Pablo_Rodr%C3%ADguez_(Canadian_politician),6/21/1967,Communication consultant,PR/Communications Officer or Consultant
Mario Beaulieu,M,BQ,La Pointe-de-l'Ile,Quebec,Eastern Montreal,/wiki/Mario_Beaulieu,2/1/1959,Federal politician,Nonprofit Executive
Hélène Laverdière,F,NDP,Laurier-Sainte-Marie,Quebec,Eastern Montreal,/wiki/H%C3%A9l%C3%A8ne_Laverdi%C3%A8re,4/13/1955,Civil Servant,Civil Servant
Alexandre Boulerice,F,NDP,Rosemont-La Petite-Patrie,Quebec,Eastern Montreal,/wiki/Alexandre_Boulerice,6/18/1973,Communications consultant,PR/Communications Officer or Consultant
Anju Dhillon,F,Liberal,Dorval-Lachine-LaSalle,Quebec,Western Montreal,/wiki/Anju_Dhillon,Unknown,Attorney,Lawyer
Francis Scarpaleggia,M,Liberal,Lac-Saint-Louis,Quebec,Western Montreal,/wiki/Francis_Scarpaleggia,6/6/1957,Political Advisor,Political Advisor/Staffer
David Lametti,M,Liberal,LaSalle-Émard-Verdun,Quebec,Western Montreal,/wiki/David_Lametti,8/10/1962,Professor,Professor
Anthony Housefather,M,Liberal,Mount Royal,Quebec,Western Montreal,/wiki/Anthony_Housefather,1/25/1973,Mayor,Municipal Politician/Mayor
Marc Garneau,M,Liberal,Notre-Dame-de-Grâce-Westmount,Quebec,Western Montreal,/wiki/Marc_Garneau,2/23/1949,Astronaut,Astronaut
Tom Mulcair,M,NDP,Outremont,Quebec,Western Montreal,/wiki/Thomas_Mulcair,10/24/1954,Lawyer,Lawyer
Frank Baylis,M,Liberal,Pierrefonds-Dollard,Quebec,Western Montreal,/wiki/Frank_Baylis,11/15/1962,Entrepreneur,Small Business Owner/Entrepreneur
Stéphane Dion,M,Liberal,Saint-Laurent,Quebec,Western Montreal,/wiki/St%C3%A9phane_Dion,9/28/1955,Professor,Professor
Marc Miller,M,Liberal,Ville-Marie-Le Sud-Ouest-Ile-des-Sours,Quebec,Western Montreal,/wiki/Marc_Miller_(politician),3/12/1973,Lawyer,Lawyer
Mélanie Joly,F,Liberal,Ahuntsic-Cartierville,Quebec,Northern Montreal and Laval,/wiki/M%C3%A9lanie_Joly,1/16/1979,Lawyer,Lawyer
Angelo Iacono,M,Liberal,Alfred-Pellan,Quebec,Northern Montreal and Laval,/wiki/Angelo_Iacono,3/17/1973,Attorney,Lawyer
Emmanuel Dubourg,M,Liberal,Bourassa,Quebec,Northern Montreal and Laval,/wiki/Emmanuel_Dubourg,12/26/1958,University Instructor,College/University Instructor
Fayçal El-Khoury,M,Liberal,Laval-Les Iles,Quebec,Northern Montreal and Laval,/wiki/Fay%C3%A7al_El-Khoury,5/15/1955,Engineer,Engineer
Yves Robillard,M,Liberal,Marc-Aurèle-Fortin,Quebec,Northern Montreal and Laval,/wiki/Yves_Robillard,1/1/1942,Political Staffer,Political Advisor/Staffer
Justin Trudeau,M,Liberal,Papineau,Quebec,Northern Montreal and Laval,/wiki/Justin_Trudeau,12/25/1971,Teacher,Teacher
Nicola Di Iorio,M,Liberal,Saint-Léonard-Saint-Michel,Quebec,Northern Montreal and Laval,/wiki/Nicola_Di_Iorio,3/13/1958,Attorney,Lawyer
Eva Nassif,F,Liberal,Vimy,Quebec,Northern Montreal and Laval,/wiki/Eva_Nassif,Unknown,Translator,Translater
Romeo Saganash,M,NDP,Abitibi-Baie-James-Nunavik-Eeyou,Quebec,"Laurentides, Outaouais and Northern Quebec",/wiki/Romeo_Saganash,10/28/1961,Lawyer,Lawyer
Christine Moore,F,NDP,Abitibi-Témiscamingue,Quebec,"Laurentides, Outaouais and Northern Quebec",/wiki/Christine_Moore_(politician),10/21/1983,Nurse,Nurse
Stéphane Lauzon,M,Liberal,Argenteuil-La Petite-Nation,Quebec,"Laurentides, Outaouais and Northern Quebec",/wiki/St%C3%A9phane_Lauzon,4/27/1966,Vocational Trainger,College/University Instructor
Steven MacKinnon,M,Liberal,Gatineau,Quebec,"Laurentides, Outaouais and Northern Quebec",/wiki/Steve_MacKinnon,9/28/1966,Communications consultant,PR/Communications Officer or Consultant
Greg Fergus,M,Liberal,Hull-Aylmer,Quebec,"Laurentides, Outaouais and Northern Quebec",/wiki/Greg_Fergus,5/31/1969,Public Relations Manager,PR Consultant/Manager
David Graham,M,Liberal,Laurentides-Labelle,Quebec,"Laurentides, Outaouais and Northern Quebec",/wiki/David_de_Burgh_Graham,7/29/1981,Political Staffer,Political Advisor/Staffer
Simon Marcil,M,BQ,Mirabel,Quebec,"Laurentides, Outaouais and Northern Quebec",/wiki/Simon_Marcil,Unknown,Civil Servant,Civil Servant
William Amos,M,Liberal,Pontiac,Quebec,"Laurentides, Outaouais and Northern Quebec",/wiki/Will_Amos,12/4/1974,Attorney,Lawyer
Linda Lapointe,F,Liberal,Rivière-des-Mille-Iles,Quebec,"Laurentides, Outaouais and Northern Quebec",/wiki/Linda_Lapointe,7/2/1960,Provincial Politician,Provincial/Territorial Politician
Rhéal Fortin,M,BQ,Rivière-du-Nord,Quebec,"Laurentides, Outaouais and Northern Quebec",/wiki/Rh%C3%A9al_Fortin,Unknown,Lawyer,Lawyer
Michel Boudrias,M,BQ,Terrebonne,Quebec,"Laurentides, Outaouais and Northern Quebec",/wiki/Michel_Boudrias,1/1/1977,Military Officer,Military Officer
Ramez Ayoub,M,Liberal,Thérèse-De Blainville,Quebec,"Laurentides, Outaouais and Northern Quebec",/wiki/Ramez_Ayoub,1/1/1966,Municipal Politician,Municipal Politician/Mayor
Pierre Poilievre,M,Conservative,Carleton,Ontario,Ottawa,/wiki/Pierre_Poilievre,6/3/1979,Political Staffer,Political Advisor/Staffer
Karen McCrimmon,F,Liberal,Kanata-Carleton,Ontario,Ottawa,/wiki/Karen_McCrimmon,1/1/1957,Military Officer,Military Officer
Chandra Arya,M,Liberal,Nepean,Ontario,Ottawa,/wiki/Chandra_Arya,Unknown,Business Executive,Business Executive
Andrew Leslie,M,Liberal,Orléans,Ontario,Ottawa,/wiki/Andrew_Leslie_(general),12/26/1957,Military Officer,Military Officer
Catherine McKenna,F,Liberal,Ottawa Centre,Ontario,Ottawa,/wiki/Catherine_McKenna,8/5/1971,Lawyer,Lawyer
David McGuinty,M,Liberal,Ottawa South,Ontario,Ottawa,/wiki/David_McGuinty,2/25/1960,Lawyer,Lawyer
Mauril Bélanger,M,Liberal,Ottawa-Vanier,Ontario,Ottawa,/wiki/Mauril_B%C3%A9langer,6/15/1955,Political Staffer,Political Advisor/Staffer
Anita Vandenbeld,F,Liberal,Ottawa West-Nepean,Ontario,Ottawa,/wiki/Anita_Vandenbeld,12/3/1971,NGO Staffer,Nonprofit Staff/Administrator
Neil Ellis,M,Liberal,Bay of Quinte,Ontario,Eastern Ontario,/wiki/Neil_Ellis_(politician),1/1/1961,Mayor,Municipal Politician/Mayor
Francis Drouin,M,Liberal,Glengarry-Prescott-Russell,Ontario,Eastern Ontario,/wiki/Francis_Drouin,10/7/1983,PR Consultant,PR Consultant/Manager
Mike Bossio,M,Liberal,Hastings-Lennox and Addington,Ontario,Eastern Ontario,/wiki/Mike_Bossio,Unknown,Recruitment Consultant,Business Consultant
Mark Gerretsen,M,Liberal,Kingston and the Islands,Ontario,Eastern Ontario,/wiki/Mark_Gerretsen,6/5/1975,Mayor,Municipal Politician/Mayor
Scott Reid,M,Conservative,Lanark-Frontenac-Kingston,Ontario,Eastern Ontario,/wiki/Scott_Reid_(politician),1/25/1964,Author,Author
Gord Brown,M,Conservative,Leeds-Grenville-Thousand Islands and Rideau Lakes,Ontario,Eastern Ontario,/wiki/Gord_Brown,8/31/1960,Innkeeper,Hotel/Restaurant Management
Cheryl Gallant,F,Conservative,Renfrew-Nipissing-Pembroke,Ontario,Eastern Ontario,/wiki/Cheryl_Gallant,5/23/1960,Insurance Executive,Business Executive
Guy Lauzon,M,Conservative,Stormont-Dundas-South Glengarry,Ontario,Eastern Ontario,/wiki/Guy_Lauzon,4/6/1944,Agribusiness Manager,Manager
John Brassard,M,Conservative,Barrie-Innisfil,Ontario,Central Ontario,/wiki/John_Brassard,5/11/1964,Municipal Politician,Municipal Politician/Mayor
Alex Nuttall,M,Conservative,Barrie-Springwater-Oro-Medonte(judicial recount),Ontario,Central Ontario,/wiki/Alex_Nuttall,8/10/1985,Financial services,Banker/Financial Analyst
Larry Miller,M,Conservative,Bruce-Grey-Owen Sound,Ontario,Central Ontario,/wiki/Larry_Miller_(Canadian_politician),7/21/1956,Beef farmer,Farmer/Rancher
David Allan Tilson,M,Conservative,Dufferin-Caledon,Ontario,Central Ontario,/wiki/David_Tilson,3/19/1941,Lawyer,Lawyer
Erin OToole,M,Conservative,Durham,Ontario,Central Ontario,/wiki/Erin_O%27Toole,1/22/1973,Lawyer,Lawyer
Jamie Schmale,M,Conservative,Haliburton-Kawartha Lakes-Brock,Ontario,Central Ontario,/wiki/Jamie_Schmale,Unknown,Political Staffer,Political Advisor/Staffer
Kyle Peterson,M,Liberal,Newmarket-Aurora,Ontario,Central Ontario,/wiki/Kyle_Peterson_(politician),3/11/1971,Attorney,Lawyer
Kim Rudd,F,Liberal,Northumberland-Peterborough South,Ontario,Central Ontario,/wiki/Kim_Rudd,Unknown,Entrepreneur,Small Business Owner/Entrepreneur
Maryam Monsef,F,Liberal,Peterborough-Kawartha,Ontario,Central Ontario,/wiki/Maryam_Monsef,11/7/1984,Civil Servant,Civil Servant
Kellie Leitch,F,Conservative,Simcoe-Grey,Ontario,Central Ontario,/wiki/Kellie_Leitch,7/30/1970,Doctor,Doctor
Bruce Stanton,M,Conservative,Simcoe North,Ontario,Central Ontario,/wiki/Bruce_Stanton,12/20/1957,tourism professional,Small Business Owner/Entrepreneur
Peter Van Loan,M,Conservative,York-Simcoe,Ontario,Central Ontario,/wiki/Peter_Van_Loan,4/18/1963,Lawyer,Lawyer
Mark Holland,M,Liberal,Ajax,Ontario,Southern Durham and York,/wiki/Mark_Holland,10/16/1974,Municipal Politician,Municipal Politician/Mayor
Leona Alleslev,F,Liberal,Aurora-Oak Ridges-Richmond Hill,Ontario,Southern Durham and York,/wiki/Leona_Alleslev,3/16/1968,Military Officer,Military Officer
Deb Schulte,F,Liberal,King-Vaughan,Ontario,Southern Durham and York,/wiki/Deb_Schulte,1/1/1959,Municipal Politician,Municipal Politician/Mayor
Jane Philpott,F,Liberal,Markham-Stouffville,Ontario,Southern Durham and York,/wiki/Jane_Philpott,11/23/1960,Doctor,Doctor
John McCallum,M,Liberal,Markham-Thornhill,Ontario,Southern Durham and York,/wiki/John_McCallum,4/9/1950,Economist,Economist
Bob Saroya,M,Conservative,Markham-Unionville,Ontario,Southern Durham and York,/wiki/Bob_Saroya,2/3/1952,Business Executive,Business Executive
Colin Carrie,M,Conservative,Oshawa,Ontario,Southern Durham and York,/wiki/Colin_Carrie,4/11/1962,Chiropractor,Chiropractor
Jennifer OConnell,F,Liberal,Pickering-Uxbridge,Ontario,Southern Durham and York,/wiki/Jennifer_O%27Connell,1/1/1983,Municipal Politician,Municipal Politician/Mayor
Majid Jowhari,M,Liberal,Richmond Hill,Ontario,Southern Durham and York,/wiki/Majid_Jowhari,10/24/1960,Engineer,Engineer
Peter Kent,M,Conservative,Thornhill,Ontario,Southern Durham and York,/wiki/Peter_Kent,7/27/1943,News editor,Journalist/Broadcaster/Commentator
Francesco Sorbara,M,Liberal,Vaughan-Woodbridge,Ontario,Southern Durham and York,/wiki/Francesco_Sorbara,1/1/1971,corporate debt analyst,Banker/Financial Analyst
Celina Caesar-Chavannes,F,Liberal,Whitby,Ontario,Southern Durham and York,/wiki/Celina_Caesar-Chavannes,6/24/1974,Entrepreneur,Small Business Owner/Entrepreneur
Yasmin Ratansi,F,Liberal,Don Valley East,Ontario,Suburban Toronto,/wiki/Yasmin_Ratansi,1/4/1951,Accountant,Accountant
Geng Tan,M,Liberal,Don Valley North,Ontario,Suburban Toronto,/wiki/Geng_Tan,1/1/1963,Former Senior Nuclear Scientist,Scientist
Borys Wrzesnewskyj,M,Liberal,Etobicoke Centre,Ontario,Suburban Toronto,/wiki/Borys_Wrzesnewskyj,11/10/1960,Businessman,Small Business Owner/Entrepreneur
James Maloney,M,Liberal,Etobicoke-Lakeshore,Ontario,Suburban Toronto,/wiki/James_Maloney_(lawyer),6/15/1986,Lawyer,Lawyer
Kirsty Duncan,F,Liberal,Etobicoke North,Ontario,Suburban Toronto,/wiki/Kirsty_Duncan,10/31/1966,Professor,Professor
Judy Sgro,F,Liberal,Humber River-Black Creek,Ontario,Suburban Toronto,/wiki/Judy_Sgro,12/16/1944,Municipal Politician,Municipal Politician/Mayor
Arnold Chan,M,Liberal,Scarborough-Agincourt,Ontario,Suburban Toronto,/wiki/Arnold_Chan,6/10/1967,Political Staffer,Political Advisor/Staffer
Salma Zahid,F,Liberal,Scarborough Centre,Ontario,Suburban Toronto,/wiki/Salma_Zahid,Unknown,Civil Servant,Civil Servant
John McKay,M,Liberal,Scarborough-Guildwood,Ontario,Suburban Toronto,/wiki/John_McKay_(politician),3/21/1948,Lawyer,Lawyer
Shaun Chen,M,Liberal,Scarborough North,Ontario,Suburban Toronto,/wiki/Shaun_Chen_(politician),Unknown,School Trustee,Municipal Politician/Mayor
Gary Anandasangaree,M,Liberal,Scarborough-Rouge Park,Ontario,Suburban Toronto,/wiki/Gary_Anandasangaree,,Lawyer,Lawyer
Bill Blair,M,Liberal,Scarborough Southwest,Ontario,Suburban Toronto,/wiki/Bill_Blair_(police_chief),1/1/1954,Police Chief,Police Chief
Ali Ehsassi,M,Liberal,Willowdale,Ontario,Suburban Toronto,/wiki/Ali_Ehsassi,4/24/1970,Lawyer,Lawyer
Michael Levitt,M,Liberal,York Centre,Ontario,Suburban Toronto,/wiki/Michael_Levitt_(politician),1/1/1974,Business Executive,Business Executive
Nathaniel Erskine-Smith,M,Liberal,Beaches-East York,Ontario,Central Toronto,/wiki/Nathaniel_Erskine-Smith,6/15/1984,Lawyer,Lawyer
Julie Dzerowicz,F,Liberal,Davenport,Ontario,Central Toronto,/wiki/Julie_Dzerowicz,Unknown,Banker,Banker/Financial Analyst
Rob Oliphant,M,Liberal,Don Valley West,Ontario,Central Toronto,/wiki/Rob_Oliphant,6/7/1956,Church Minister,Church Minister
Marco Mendicino,M,Liberal,Eglinton-Lawrence,Ontario,Central Toronto,/wiki/Marco_Mendicino,7/28/1973,Lawyer,Lawyer
Arif Virani,M,Liberal,Parkdale-High Park,Ontario,Central Toronto,/wiki/Arif_Virani,11/23/1971,Lawyer,Lawyer
Adam Vaughan,M,Liberal,Spadina-Fort York,Ontario,Central Toronto,/wiki/Adam_Vaughan,7/3/1961,Journalist,Journalist/Broadcaster/Commentator
Bill Morneau,M,Liberal,Toronto Centre,Ontario,Central Toronto,/wiki/Bill_Morneau,10/7/1962,Business Executive,Business Executive
Julie Dabrusin,F,Liberal,Toronto-Danforth,Ontario,Central Toronto,/wiki/Julie_Dabrusin,4/16/1971,Attorney,Lawyer
Carolyn Bennett,F,Liberal,Toronto-St. Paul's,Ontario,Central Toronto,/wiki/Carolyn_Bennett,12/20/1950,Physician,Doctor
Chrystia Freeland,F,Liberal,University-Rosedale,Ontario,Central Toronto,/wiki/Chrystia_Freeland,8/2/1968,Journalist,Journalist/Broadcaster/Commentator
Ahmed Hussen,M,Liberal,York South-Weston,Ontario,Central Toronto,/wiki/Ahmed_Hussen,1/1/1976,Lawyer,Lawyer
Ramesh Sangha,M,Liberal,Brampton Centre,Ontario,"Brampton, Mississauga and Oakville",/wiki/Ramesh_Sangha,6/6/1945,Lawyer,Lawyer
Raj Grewal,M,Liberal,Brampton East,Ontario,"Brampton, Mississauga and Oakville",/wiki/Raj_Grewal,9/11/1985,Attorney,Lawyer
Ruby Sahota,F,Liberal,Brampton North,Ontario,"Brampton, Mississauga and Oakville",/wiki/Ruby_Sahota,Unknown,Lawyer,Lawyer
Sonia Sidhu,F,Liberal,Brampton South,Ontario,"Brampton, Mississauga and Oakville",/wiki/Sonia_Sidhu,1/3/1968,Healthcare Professional,Healthcare Worker
Kamal Khera,M,Liberal,Brampton West,Ontario,"Brampton, Mississauga and Oakville",/wiki/Kamal_Khera,2/4/1989,Registered Nurse,Nurse
Omar Alghabra,M,Liberal,Mississauga Centre,Ontario,"Brampton, Mississauga and Oakville",/wiki/Omar_Alghabra,10/24/1969,Engineer,Engineer
Peter Fonseca,M,Liberal,Mississauga East-Cooksville,Ontario,"Brampton, Mississauga and Oakville",/wiki/Peter_Fonseca,10/5/1966,Management consultant,Business Consultant
Iqra Khalid,F,Liberal,Mississauga-Erin Mills,Ontario,"Brampton, Mississauga and Oakville",/wiki/Iqra_Khalid,11/20/1985,Civil Servant,Civil Servant
Sven Spengemann,M,Liberal,Mississauga-Lakeshore,Ontario,"Brampton, Mississauga and Oakville",/wiki/Sven_Spengemann,10/3/1966,Attorney,Lawyer
Navdeep Bains,M,Liberal,Mississauga-Malton,Ontario,"Brampton, Mississauga and Oakville",/wiki/Navdeep_Bains,6/16/1977,Accountant,Accountant
Gagan Sikand,M,Liberal,Mississauga-Streetsville,Ontario,"Brampton, Mississauga and Oakville",/wiki/Gagan_Sikand,12/13/1984,Lawyer,Lawyer
John Oliver,M,Liberal,Oakville,Ontario,"Brampton, Mississauga and Oakville",/wiki/John_Oliver_(Ontario_politician),1/1/1956,Healthcare executive,Healthcare Executive
Pam Damoff,F,Liberal,Oakville North-Burlington,Ontario,"Brampton, Mississauga and Oakville",/wiki/Pam_Damoff,1/1/1971,Banker,Banker/Financial Analyst
Karina Gould,F,Liberal,Burlington,Ontario,"Hamilton, Burlington and Niagara",/wiki/Karina_Gould,6/28/1987,NGO Staffer,Nonprofit Staff/Administrator
David Sweet,M,Conservative,Flamborough-Glanbrook,Ontario,"Hamilton, Burlington and Niagara",/wiki/David_Sweet,6/24/1957,Business Consultant,Business Consultant
David Christopherson,M,NDP,Hamilton Centre,Ontario,"Hamilton, Burlington and Niagara",/wiki/David_Christopherson,10/5/1954,Provincial Politician,Provincial/Territorial Politician
Bob Bratina,M,Liberal,Hamilton East-Stoney Creek,Ontario,"Hamilton, Burlington and Niagara",/wiki/Bob_Bratina,1/1/1944,Radio broadcaster,Journalist/Broadcaster/Commentator
Scott Duvall,M,NDP,Hamilton Mountain,Ontario,"Hamilton, Burlington and Niagara",/wiki/Scott_Duvall,7/1/1956,Municipal Politician,Municipal Politician/Mayor
Filomena Tassi,F,Liberal,Hamilton West-Ancaster-Dundas,Ontario,"Hamilton, Burlington and Niagara",/wiki/Filomena_Tassi,1/1/1962,Attorney,Lawyer
Lisa Raitt,F,Conservative,Milton,Ontario,"Hamilton, Burlington and Niagara",/wiki/Lisa_Raitt,5/7/1968,Lawyer,Lawyer
Vance Badawey,M,Liberal,Niagara Centre,Ontario,"Hamilton, Burlington and Niagara",/wiki/Vance_Badawey,10/5/1964,Mayor,Municipal Politician/Mayor
Rob Nicholson,M,Conservative,Niagara Falls,Ontario,"Hamilton, Burlington and Niagara",/wiki/Rob_Nicholson,4/29/1952,Lawyer,Lawyer
Dean Allison,M,Conservative,Niagara West,Ontario,"Hamilton, Burlington and Niagara",/wiki/Dean_Allison,2/18/1965,Entrepreneur,Small Business Owner/Entrepreneur
Chris Bittle,M,Liberal,St. Catharines,Ontario,"Hamilton, Burlington and Niagara",/wiki/Chris_Bittle,2/17/1979,Lawyer,Lawyer
Phil McColeman,M,Conservative,Brantford-Brant,Ontario,Midwestern Ontario,/wiki/Phil_McColeman,3/15/1954,Property Developer,Property Developer
Bryan May,M,Liberal,Cambridge,Ontario,Midwestern Ontario,/wiki/Bryan_May,9/19/1974,Non-profit management,Nonprofit Executive
Lloyd Longfield,M,Liberal,Guelph,Ontario,Midwestern Ontario,/wiki/Lloyd_Longfield,10/8/1956,Business Executive,Business Executive
Diane Finley,F,Conservative,Haldimand-Norfolk,Ontario,Midwestern Ontario,/wiki/Diane_Finley,10/3/1957,Business Executive,Business Executive
Ben Lobb,M,Conservative,Huron-Bruce,Ontario,Midwestern Ontario,/wiki/Ben_Lobb,9/10/1976,Business Analyst,Business Analyst
Raj Saini,M,Liberal,Kitchener Centre,Ontario,Midwestern Ontario,/wiki/Raj_Saini,1/1/1967,Pharmacist,Pharmacist
Harold Albrecht,M,Conservative,Kitchener-Conestoga,Ontario,Midwestern Ontario,/wiki/Harold_Albrecht,10/15/1949,Pastor,Pastor
Marwan Tabbara,M,Liberal,Kitchener South-Hespeler,Ontario,Midwestern Ontario,/wiki/Marwan_Tabbara,8/23/1984,Factory Worker,Factory Worker
Dave MacKenzie,M,Conservative,Oxford,Ontario,Midwestern Ontario,/wiki/Dave_MacKenzie_(politician),6/12/1946,Police Officer,Police Officer
John Nater,M,Conservative,Perth-Wellington,Ontario,Midwestern Ontario,/wiki/John_Nater,1/1/1984,Municipal Politician,Municipal Politician/Mayor
Bardish Chagger,F,Liberal,Waterloo,Ontario,Midwestern Ontario,/wiki/Bardish_Chagger,4/6/1980,NGO Staffer,Nonprofit Staff/Administrator
Michael Chong,M,Conservative,Wellington-Halton Hills,Ontario,Midwestern Ontario,/wiki/Michael_Chong,11/22/1971,IT consultant,Computer Systems Analyst
Dave Van Kesteren,M,Conservative,Chatham-Kent-Leamington,Ontario,Southwestern Ontario,/wiki/Dave_Van_Kesteren,10/7/1955,automobile dealer,Car Dealer
Karen Louise Vecchio,F,Conservative,Elgin-Middlesex-London,Ontario,Southwestern Ontario,/wiki/Karen_Vecchio,3/6/1971,Executive Assistant,Executive Assistant
Tracey Ramsey,F,NDP,Essex,Ontario,Southwestern Ontario,/wiki/Tracey_Ramsey,4/14/1971,Union facilitator,Union Officer/Facilitator/Administrator
Bev Shipley,F,Conservative,Lambton-Kent-Middlesex,Ontario,Southwestern Ontario,/wiki/Bev_Shipley,6/22/1947,Farmer,Farmer/Rancher
Irene Mathyssen,F,NDP,London-Fanshawe,Ontario,Southwestern Ontario,/wiki/Irene_Mathyssen,8/16/1951,High school teacher,Teacher
Peter Fragiskatos,M,Liberal,London North Centre,Ontario,Southwestern Ontario,/wiki/Peter_Fragiskatos,4/30/1981,Academic,Academic/Professor/Researcher
Kate Young,F,Liberal,London West,Ontario,Southwestern Ontario,/wiki/Kate_Young_(politician),Unknown,PR Manager,PR Consultant/Manager
Marilyn Gladu,F,Conservative,Sarnia-Lambton,Ontario,Southwestern Ontario,/wiki/Marilyn_Gladu,1/1/1961,Manager (Engineering),Engineer
Cheryl Hardcastle,F,NDP,Windsor-Tecumseh,Ontario,Southwestern Ontario,/wiki/Cheryl_Hardcastle,11/20/1961,Newspaper Editor,Journalist/Broadcaster/Commentator
Brian Masse,M,NDP,Windsor West,Ontario,Southwestern Ontario,/wiki/Brian_Masse,7/9/1968,Municipal Politician,Municipal Politician/Mayor
Carol Hughes,F,NDP,Algoma-Manitoulin-Kapuskasing,Ontario,Northern Ontario,/wiki/Carol_Hughes_(politician),11/26/1958,Union Organizer/Administrator,Union Officer/Facilitator/Administrator
Bob Nault,M,Liberal,Kenora,Ontario,Northern Ontario,/wiki/Bob_Nault,11/9/1955,Municipal Politician,Municipal Politician/Mayor
Marc Serré,M,Liberal,Nickel Belt,Ontario,Northern Ontario,/wiki/Marc_Serr%C3%A9,1/1/1966,Municipal Politician,Municipal Politician/Mayor
Anthony Rota,M,Liberal,Nipissing-Timiskaming,Ontario,Northern Ontario,/wiki/Anthony_Rota,5/15/1961,Business advisor,Business Consultant
Tony Clement,M,Conservative,Parry Sound-Muskoka,Ontario,Northern Ontario,/wiki/Tony_Clement,1/27/1961,Lawyer,Lawyer
Terry Sheehan,M,Liberal,Sault Ste. Marie,Ontario,Northern Ontario,/wiki/Terry_Sheehan,1/1/1970,Municipal Politician,Municipal Politician/Mayor
Paul Lefebvre,M,Liberal,Sudbury,Ontario,Northern Ontario,/wiki/Paul_Lefebvre,1/1/1974,Lawyer,Lawyer
Don Rusnak,M,Liberal,Thunder Bay-Rainy River,Ontario,Northern Ontario,/wiki/Don_Rusnak,10/5/1975,Lawyer,Lawyer
Patty Hajdu,F,Liberal,Thunder Bay-Superior North,Ontario,Northern Ontario,/wiki/Patty_Hajdu,11/3/1966,NGO Staffer,Nonprofit Staff/Administrator
Charlie Angus,M,NDP,Timmins-James Bay,Ontario,Northern Ontario,/wiki/Charlie_Angus,11/14/1962,Writer,Author
Larry Maguire,M,Conservative,Brandon-Souris,Manitoba,Rural Manitoba,/wiki/Larry_Maguire,6/1/1949,Farmer,Farmer/Rancher
Niki Ashton,F,NDP,Churchill-Keewatinook Aski,Manitoba,Rural Manitoba,/wiki/Niki_Ashton,9/9/1982,University lecturer,College/University Instructor
Robert Sopuck,M,Conservative,Dauphin-Swan River-Neepawa,Manitoba,Rural Manitoba,/wiki/Robert_Sopuck,7/11/1951,Biologist,Scientist
Candice Bergen,F,Conservative,Portage-Lisgar,Manitoba,Rural Manitoba,/wiki/Candice_Bergen_(politician),9/28/1964,Political Staffer,Political Advisor/Staffer
Ted Falk,M,Conservative,Provencher,Manitoba,Rural Manitoba,/wiki/Ted_Falk,5/23/1960,Business Executive,Business Executive
James Bezan,M,Conservative,Selkirk-Interlake-Eastman,Manitoba,Rural Manitoba,/wiki/James_Bezan,5/19/1965,Farmer,Farmer/Rancher
Doug Eyolfson,M,Liberal,Charleswood-St. James-Assiniboia-Headingley,Manitoba,Winnipeg,/wiki/Doug_Eyolfson,1/1/1963,Physician,Doctor
Daniel Blaikie,F,NDP,Elmwood-Transcona,Manitoba,Winnipeg,/wiki/Daniel_Blaikie,1/1/1984,Electrician,Tradesman
MaryAnn Mihychuk,F,Liberal,Kildonan-St. Paul,Manitoba,Winnipeg,/wiki/MaryAnn_Mihychuk,2/27/1955,Geologist,Scientist
Dan Vandal,M,Liberal,Saint Boniface-Saint Vital,Manitoba,Winnipeg,/wiki/Dan_Vandal,4/18/1960,Municipal Politician,Municipal Politician/Mayor
Robert-Falcon Ouellette,M,Liberal,Winnipeg Centre,Manitoba,Winnipeg,/wiki/Robert-Falcon_Ouellette,11/22/1976,Anthropologist,Academic/Professor/Researcher
Kevin Lamoureux,M,Liberal,Winnipeg North,Manitoba,Winnipeg,/wiki/Kevin_Lamoureux,1/22/1962,Provincial Politician,Provincial/Territorial Politician
Terry Duguid,M,Liberal,Winnipeg South,Manitoba,Winnipeg,/wiki/Terry_Duguid,1/1/1954,Business Executive,Business Executive
Jim Carr,M,Liberal,Winnipeg South Centre,Manitoba,Winnipeg,/wiki/Jim_Carr,10/11/1951,Provincial Politician,Provincial/Territorial Politician
David Anderson,M,Conservative,Cypress Hills-Grasslands,Saskatchewan,Southern Saskatchewan,/wiki/David_Anderson_(Saskatchewan_politician),8/15/1957,Farmer,Farmer/Rancher
Tom Lukiwski,M,Conservative,Moose Jaw-Lake Centre-Lanigan,Saskatchewan,Southern Saskatchewan,/wiki/Tom_Lukiwski,10/5/1951,Small Business Owner,Small Business Owner/Entrepreneur
Erin Weir,F,NDP,Regina-Lewvan,Saskatchewan,Southern Saskatchewan,/wiki/Erin_Weir,1/1/1982,Economist,Economist
Andrew Scheer,M,Conservative,Regina-Qu'Appelle,Saskatchewan,Southern Saskatchewan,/wiki/Andrew_Scheer,5/20/1979,Political Staffer,Political Advisor/Staffer
Ralph Goodale,M,Liberal,Regina-Wascana,Saskatchewan,Southern Saskatchewan,/wiki/Ralph_Goodale,10/5/1949,Lawyer,Lawyer
Robert Gordon Kitchen,M,Conservative,Souris-Moose Mountain,Saskatchewan,Southern Saskatchewan,/wiki/Robert_Kitchen,Unknown,Chiropractor,Chiropractor
Cathay Wagantall,F,Conservative,Yorkton-Melville,Saskatchewan,Southern Saskatchewan,/wiki/Cathay_Wagantall,7/3/1956,Political Staffer,Political Advisor/Staffer
Gerry Ritz,M,Conservative,Battlefords-Lloydminster,Saskatchewan,Northern Saskatchewan,/wiki/Gerry_Ritz,8/19/1951,Construction contractor,Construction contractor/worker
Kelly Block,F,Conservative,Carlton Trail-Eagle Creek,Saskatchewan,Northern Saskatchewan,/wiki/Kelly_Block,11/30/1961,Mayor,Municipal Politician/Mayor
Georgina Jolibois,F,NDP,Desnethé-Missinippi-Churchill River(judicial recount),Saskatchewan,Northern Saskatchewan,/wiki/Georgina_Jolibois,1/1/1968,Mayor,Municipal Politician/Mayor
Randy Hoback,M,Conservative,Prince Albert,Saskatchewan,Northern Saskatchewan,/wiki/Randy_Hoback,12/19/1967,Farmer,Farmer/Rancher
Kevin Waugh,M,Conservative,Saskatoon-Grasswood,Saskatchewan,Northern Saskatchewan,/wiki/Kevin_Waugh,1/1/1955,Broadcaster,Journalist/Broadcaster/Commentator
Brad Trost,M,Conservative,Saskatoon-University,Saskatchewan,Northern Saskatchewan,/wiki/Brad_Trost,5/15/1974,Scientist,#N/A
Sheri Benson,F,NDP,Saskatoon West,Saskatchewan,Northern Saskatchewan,/wiki/Sheri_Benson,Unknown,NGO Staffer,Nonprofit Staff/Administrator
Blake Richards,M,Conservative,Banff-Airdrie,Alberta,Rural Alberta,/wiki/Blake_Richards,11/8/1974,Real Estate Agent ,Real Estate Agent
Kevin Sorenson,M,Conservative,Battle River-Crowfoot,Alberta,Rural Alberta,/wiki/Kevin_Sorenson,11/3/1958,Farmer,Farmer/Rancher
Martin Shields,M,Conservative,Bow River,Alberta,Rural Alberta,/wiki/Martin_Shields,4/28/1948,Mayor,Municipal Politician/Mayor
John Barlow,M,Conservative,Foothills,Alberta,Rural Alberta,/wiki/John_Barlow_(Canadian_politician),10/13/1971,Newspaper editor,Journalist/Broadcaster/Commentator
David Yurdiga,M,Conservative,Fort McMurray-Cold Lake,Alberta,Rural Alberta,/wiki/David_Yurdiga,3/26/1964,Consultant,Business Consultant
Chris Warkentin,M,Conservative,Grande Prairie-Mackenzie,Alberta,Rural Alberta,/wiki/Chris_Warkentin,11/20/1978,construction executive,Business Executive
Shannon Stubbs,F,Conservative,Lakeland,Alberta,Rural Alberta,/wiki/Shannon_Stubbs,12/8/1979,Provincial Politician,Provincial/Territorial Politician
Rachael Harder,F,Conservative,Lethbridge,Alberta,Rural Alberta,/wiki/Rachael_Harder,1/1/1986,NGO Staffer,Nonprofit Staff/Administrator
Jim Hillyer,M,Conservative,Medicine Hat-Cardston-Warner,Alberta,Rural Alberta,/wiki/Jim_Hillyer_(politician),7/8/1974,Entrepreneur,Small Business Owner/Entrepreneur
Arnold Viersen,M,Conservative,Peace River-Westlock,Alberta,Rural Alberta,/wiki/Arnold_Viersen,5/3/1986,Auto Mechanic,Tradesman
Blaine Calkins,M,Conservative,Red Deer-Lacombe,Alberta,Rural Alberta,/wiki/Blaine_Calkins,12/25/1968,College Instructor,College/University Instructor
Earl Dreeshen,M,Conservative,Red Deer-Mountain View,Alberta,Rural Alberta,/wiki/Earl_Dreeshen,7/9/1953,Farmer,Farmer/Rancher
Jim Eglinski,M,Conservative,Yellowhead,Alberta,Rural Alberta,/wiki/Jim_Eglinski,12/15/1948,Mayor,Municipal Politician/Mayor
Randy Boissonnault,M,Liberal,Edmonton Centre,Alberta,Edmonton and environs,/wiki/Randy_Boissonnault,7/14/1970,Management Consultant,Business Consultant
Kerry Diotte,M,Conservative,Edmonton Griesbach,Alberta,Edmonton and environs,/wiki/Kerry_Diotte,2/26/1956,Journalist,Journalist/Broadcaster/Commentator
Ziad Aboultaif,M,Conservative,Edmonton Manning,Alberta,Edmonton and environs,/wiki/Ziad_Aboultaif,1/1/1966,Businessman,Small Business Owner/Entrepreneur
Amarjeet Sohi,M,Liberal,Edmonton Mill Woods(judicial recount),Alberta,Edmonton and environs,/wiki/Amarjeet_Sohi,3/8/1964,Municipal Politician,Municipal Politician/Mayor
Matt Jeneroux,M,Conservative,Edmonton Riverbend,Alberta,Edmonton and environs,/wiki/Matt_Jeneroux,1/1/1981,Provincial Politician,Provincial/Territorial Politician
Linda Duncan,F,NDP,Edmonton Strathcona,Alberta,Edmonton and environs,/wiki/Linda_Duncan,6/25/1949,Lawyer,Lawyer
Kelly McCauley,M,Conservative,Edmonton West,Alberta,Edmonton and environs,/wiki/Kelly_McCauley,6/23/1964,Hospitality Executive,Business Executive
Mike Lake,M,Conservative,Edmonton-Wetaskiwin,Alberta,Edmonton and environs,/wiki/Mike_Lake_(politician),6/4/1969,Business executive,Business Executive
Michael Cooper,M,Conservative,St. Albert-Edmonton,Alberta,Edmonton and environs,/wiki/Michael_Cooper_(politician),1/1/1984,Lawyer,Lawyer
Garnett Genuis,M,Conservative,Sherwood Park-Fort Saskatchewan,Alberta,Edmonton and environs,/wiki/Garnett_Genuis,1/23/1987,Politicial Staffer,Political Advisor/Staffer
Rona Ambrose,F,Conservative,Sturgeon River-Parkland,Alberta,Edmonton and environs,htothi,3/15/1969,NGO Staffer,Nonprofit Staff/Administrator
Kent Hehr,M,Liberal,Calgary Centre,Alberta,Calgary,/wiki/Kent_Hehr,12/16/1969,Lawyer,Lawyer
Len Webber,M,Conservative,Calgary Confederation,Alberta,Calgary,/wiki/Len_Webber,11/10/1960,Provincial Politician,Provincial/Territorial Politician
Deepak Obhrai,M,Conservative,Calgary Forest Lawn,Alberta,Calgary,/wiki/Deepak_Obhrai,7/5/1950,Businessman,Small Business Owner/Entrepreneur
Stephen J Harper,M,Conservative,Calgary Heritage,Alberta,Calgary,/wiki/Stephen_Harper,4/30/1959,Political Staffer,Political Advisor/Staffer
Jason Kenney,M,Conservative,Calgary Midnapore,Alberta,Calgary,/wiki/Jason_Kenney,5/30/1968,Non-profit management,Nonprofit Executive
Michelle Rempel,F,Conservative,Calgary Nose Hill,Alberta,Calgary,/wiki/Michelle_Rempel,2/14/1980,University Administrator,University Administrator
Pat Kelly,M,Conservative,Calgary Rocky Ridge,Alberta,Calgary,/wiki/Pat_Kelly_(politician),1/1/1970,Mortgage Broker,Mortgage Broker
Tom Kmiec,M,Conservative,Calgary Shepard,Alberta,Calgary,/wiki/Tom_Kmiec,7/31/1981,Political Staffer,Political Advisor/Staffer
Ron Liepert,M,Conservative,Calgary Signal Hill,Alberta,Calgary,/wiki/Ron_Liepert,10/8/1949,consultant,Business Consultant
Darshan Singh Kang,M,Liberal,Calgary Skyview,Alberta,Calgary,/wiki/Darshan_Kang,1/1/1951,Real estate agent,Real Estate Agent
Todd Doherty,M,Conservative,Cariboo-Prince George,British Columbia,BC Interior,/wiki/Todd_Doherty,Unknown,Business Executive,Business Executive
Dan Albas,M,Conservative,Central Okanagan-Similkameen-Nicola,British Columbia,BC Interior,/wiki/Dan_Albas,12/1/1976,martial arts instructor,Martial Arts Instructor
Cathy McLeod,F,Conservative,Kamloops-Thompson-Cariboo,British Columbia,BC Interior,/wiki/Cathy_McLeod,6/12/1957,Nurse,Nurse
Stephen Fuhr,M,Liberal,Kelowna-Lake Country,British Columbia,BC Interior,/wiki/Stephen_Fuhr,5/27/1969,Pilot,Pilot
Wayne Stetski,M,NDP,Kootenay-Columbia,British Columbia,BC Interior,/wiki/Wayne_Stetski,5/23/1952,Mayor,Municipal Politician/Mayor
Mel Arnold,M,Conservative,North Okanagan-Shuswap,British Columbia,BC Interior,/wiki/Mel_Arnold,1/1/1958,Entrepreneur,Small Business Owner/Entrepreneur
Bob Zimmer,M,Conservative,Prince George-Peace River-Northern Rockies,British Columbia,BC Interior,/wiki/Bob_Zimmer,10/20/1968,Teacher (North Peace Secondary School),Teacher
Nathan Cullen,M,NDP,Skeena-Bulkley Valley,British Columbia,BC Interior,/wiki/Nathan_Cullen,7/13/1972,Private consultant,Business Consultant
Richard Cannings,M,NDP,South Okanagan-West Kootenay,British Columbia,BC Interior,/wiki/Richard_Cannings_(British_Columbia_politician),3/31/1954,Biologist,Scientist
Ed Fast,M,Conservative,Abbotsford,British Columbia,Fraser Valley and Southern Lower Mainland,/wiki/Ed_Fast,6/18/1955,Municipal Politician,Municipal Politician/Mayor
Mark Strahl,M,Conservative,Chilliwack-Hope,British Columbia,Fraser Valley and Southern Lower Mainland,/wiki/Mark_Strahl,3/26/1978,Political Staffer,Political Advisor/Staffer
John Aldag,M,Liberal,Cloverdale-Langley City,British Columbia,Fraser Valley and Southern Lower Mainland,/wiki/John_Aldag,1/1/1963,Civil servant,Civil Servant
Carla Qualtrough,F,Liberal,Delta,British Columbia,Fraser Valley and Southern Lower Mainland,/wiki/Carla_Qualtrough,10/15/1971,Lawyer,Lawyer
Ken Hardie,M,Liberal,Fleetwood-Port Kells,British Columbia,Fraser Valley and Southern Lower Mainland,/wiki/Ken_Hardie,1/1/1947,Public Relations Manager,PR Consultant/Manager
Mark Warawa,M,Conservative,Langley-Aldergrove,British Columbia,Fraser Valley and Southern Lower Mainland,/wiki/Mark_Warawa,5/7/1950,insurance executive,Business Executive
Jati Sidhu,M,Liberal,Mission-Matsqui-Fraser Canyon,British Columbia,Fraser Valley and Southern Lower Mainland,/wiki/Jati_Sidhu,1/1/1952,Business Executive,Business Executive
Dan Ruimy,M,Liberal,Pitt Meadows-Maple Ridge,British Columbia,Fraser Valley and Southern Lower Mainland,/wiki/Dan_Ruimy,1/1/1962,Small Business Owner,Small Business Owner/Entrepreneur
Alice Wong,F,Conservative,Richmond Centre,British Columbia,Fraser Valley and Southern Lower Mainland,/wiki/Alice_Wong,6/30/1948,College Administrator,Education Administrator
Dianne Lynn Watts,F,Conservative,South Surrey-White Rock,British Columbia,Fraser Valley and Southern Lower Mainland,/wiki/Dianne_Watts,10/30/1959,Mayor,Municipal Politician/Mayor
Joe Peschisolido,M,Liberal,Steveston-Richmond East,British Columbia,Fraser Valley and Southern Lower Mainland,/wiki/Joe_Peschisolido,4/27/1963,Lawyer,Lawyer
Randeep Sarai,M,Liberal,Surrey Centre,British Columbia,Fraser Valley and Southern Lower Mainland,/wiki/Randeep_Sarai,1/1/1974,Lawyer,Lawyer
Sukh Dhaliwal,M,Liberal,Surrey-Newton,British Columbia,Fraser Valley and Southern Lower Mainland,/wiki/Sukh_Dhaliwal,10/1/1960,Engineer,Engineer
Terry Beech,M,Liberal,Burnaby North-Seymour,British Columbia,Vancouver and Northern Lower Mainland,/wiki/Terry_Beech,4/2/1981,Entrepreneur,Small Business Owner/Entrepreneur
Kennedy Stewart,M,NDP,Burnaby South,British Columbia,Vancouver and Northern Lower Mainland,/wiki/Kennedy_Stewart_(Canadian_politician),11/8/1966,Politicianacademic,Academic/Professor/Researcher
Ron McKinnon,M,Liberal,Coquitlam-Port Coquitlam,British Columbia,Vancouver and Northern Lower Mainland,/wiki/Ron_McKinnon_(politician),8/8/1951,Computer Systems Analyst,Computer Systems Analyst
Peter Julian,M,NDP,New Westminster-Burnaby,British Columbia,Vancouver and Northern Lower Mainland,/wiki/Peter_Julian,4/16/1962,Political Staffer,Political Advisor/Staffer
Jonathan Wilkinson,M,Liberal,North Vancouver,British Columbia,Vancouver and Northern Lower Mainland,/wiki/Jonathan_Wilkinson_(politician),1/1/1965,Businessman,Small Business Owner/Entrepreneur
Fin Donnelly,M,NDP,Port Moody-Coquitlam,British Columbia,Vancouver and Northern Lower Mainland,/wiki/Fin_Donnelly,5/27/1966,Municipal Politician,Municipal Politician/Mayor
Hedy Fry,F,Liberal,Vancouver Centre,British Columbia,Vancouver and Northern Lower Mainland,/wiki/Hedy_Fry,8/6/1941,Physician,Doctor
Jenny Kwan,F,NDP,Vancouver East,British Columbia,Vancouver and Northern Lower Mainland,/wiki/Jenny_Kwan,1/1/1967,Provincial Politician,Provincial/Territorial Politician
Jody Wilson-Raybould,F,Liberal,Vancouver Granville,British Columbia,Vancouver and Northern Lower Mainland,/wiki/Jody_Wilson-Raybould,3/23/1971,Indigenous Leader,Indigenous Leader
Don Davies,M,NDP,Vancouver Kingsway,British Columbia,Vancouver and Northern Lower Mainland,/wiki/Don_Davies,1/16/1963,Lawyer,Lawyer
Joyce Murray,F,Liberal,Vancouver Quadra,British Columbia,Vancouver and Northern Lower Mainland,/wiki/Joyce_Murray,7/11/1954,Entrepreneur,Small Business Owner/Entrepreneur
Harjit Sajjan,M,Liberal,Vancouver South,British Columbia,Vancouver and Northern Lower Mainland,/wiki/Harjit_Sajjan,9/6/1970,Military Officer,Military Officer
Pam Goldsmith-Jones,F,Liberal,West Vancouver-Sunshine Coast-Sea to Sky Country,British Columbia,Vancouver and Northern Lower Mainland,/wiki/Pamela_Goldsmith-Jones,5/14/1905,Business Consultant,Business Consultant
Gord Johns,M,NDP,Courtenay-Alberni,British Columbia,Vancouver Island,/wiki/Gord_Johns,11/29/1969,Municipal Politician,Municipal Politician/Mayor
Alistair MacGregor,M,NDP,Cowichan-Malahat-Langford,British Columbia,Vancouver Island,/wiki/Alistair_MacGregor,Unknown,Executive Assistant,Executive Assistant
Randall Garrison,M,NDP,Esquimalt-Saanich-Sooke,British Columbia,Vancouver Island,/wiki/Randall_Garrison,8/27/1951,Municipal Politician,Municipal Politician/Mayor
Sheila Malcolmson,F,NDP,Nanaimo-Ladysmith,British Columbia,Vancouver Island,/wiki/Sheila_Malcolmson,3/26/1966,Provincial Politician,Provincial/Territorial Politician
Rachel Blaney,F,NDP,North Island-Powell River,British Columbia,Vancouver Island,/wiki/Rachel_Blaney,1/1/1974,Executive Director (non-profit),Nonprofit Executive
Elizabeth May,F,Green,Saanich-Gulf Islands,British Columbia,Vancouver Island,/wiki/Elizabeth_May,6/9/1954,NGO Executive,Nonprofit Executive
Murray Rankin,M,NDP,Victoria,British Columbia,Vancouver Island,/wiki/Murray_Rankin,1/26/1950,Law Professor,Professor
Hunter Tootoo,M,Liberal,Nunavut,Nunavut,,/wiki/Hunter_Tootoo,8/18/1963,Provincial/Territorial Politician,Provincial/Territorial Politician
Michael McLeod,M,Liberal,Northwest Territories,Northwest Territories,,/wiki/Michael_McLeod_(politician),9/6/1959,Provincial/Territorial Politician,Provincial/Territorial Politician
Larry Bagnell,M,Liberal,Yukon,Yukon,,/wiki/Larry_Bagnell,12/19/1949,NGO Executive,Nonprofit Executive
